status	url	local_file	bytes	content_type	error
failed	https://res.cloudinary.com/de6izpjix/video/upload/v1776246011/InShot_20260415_144040824_datv3j.mp4		0		<HTTPError 401: 'Unauthorized'>
downloaded	https://images.unsplash.com/photo-1677442136019-21780ecad995?w=600&q=75&auto=format&fit=crop	02-photo-1677442136019-21780ecad995-c5aa564323.jpg	66676	image/jpeg	
downloaded	https://images.unsplash.com/photo-1620641788421-7a1c342ea42e?w=600&q=75&auto=format&fit=crop	03-photo-1620641788421-7a1c342ea42e-db4f694267.jpg	10278	image/jpeg	
downloaded	https://images.unsplash.com/photo-1573804633927-bfcbcd909acd?w=600&q=75&auto=format&fit=crop	04-photo-1573804633927-bfcbcd909acd-2cb49d489f.jpg	38961	image/jpeg	
downloaded	https://images.unsplash.com/photo-1611162617474-5b21e879e113?w=600&q=75&auto=format&fit=crop	05-photo-1611162617474-5b21e879e113-781b59ed7f.jpg	14240	image/jpeg	
downloaded	https://images.unsplash.com/photo-1462332420958-a05d1e002413?w=600&q=75&auto=format&fit=crop	06-photo-1462332420958-a05d1e002413-af236e53f5.jpg	25758	image/jpeg	
downloaded	https://images.unsplash.com/photo-1499856871958-5b9627545d1a?w=600&q=75&auto=format&fit=crop	07-photo-1499856871958-5b9627545d1a-a36fa795a1.jpg	66006	image/jpeg	
downloaded	https://images.unsplash.com/photo-1555421689-d68471e189f2?w=600&q=75&auto=format&fit=crop	08-photo-1555421689-d68471e189f2-f798016575.jpg	44008	image/jpeg	
downloaded	https://images.unsplash.com/photo-1547036967-23d11aacaee0?w=600&q=75&auto=format&fit=crop	09-photo-1547036967-23d11aacaee0-e2ef990050.jpg	206896	image/jpeg	
failed	https://res.cloudinary.com/de6izpjix/image/upload/v1776081216/grok_image_1776069798831_2_dttxgi.jpg		0		<HTTPError 401: 'Unauthorized'>
downloaded	https://images.unsplash.com/photo-1518770660439-4636190af475?w=600&q=75&auto=format&fit=crop	11-photo-1518770660439-4636190af475-06a2486737.jpg	52709	image/jpeg	
downloaded	https://images.unsplash.com/photo-1578632767115-351597cf2477?w=600&q=75&auto=format&fit=crop	12-photo-1578632767115-351597cf2477-4b0c71e93c.jpg	41365	image/jpeg	
downloaded	https://images.unsplash.com/photo-1504868584819-f8e8b4b6d7e3?w=600&q=75&auto=format&fit=crop	13-photo-1504868584819-f8e8b4b6d7e3-83be826ac0.jpg	31171	image/jpeg	
downloaded	https://images.unsplash.com/photo-1485846234645-a62644f84728?w=600&q=75&auto=format&fit=crop	14-photo-1485846234645-a62644f84728-e543ccc852.jpg	38076	image/jpeg	
downloaded	https://images.unsplash.com/photo-1551288049-bebda4e38f71?w=600&q=75&auto=format&fit=crop	15-photo-1551288049-bebda4e38f71-de95d2c5b2.jpg	45255	image/jpeg	
downloaded	https://images.unsplash.com/photo-1451187580459-43490279c0fa?w=600&q=80&fit=crop	16-photo-1451187580459-43490279c0fa-d4c5c62a47.jpg	41754	image/jpeg	
downloaded	https://images.unsplash.com/photo-1518770660439-4636190af475?w=600&q=80&fit=crop	17-photo-1518770660439-4636190af475-2a5622b233.jpg	52709	image/jpeg	
downloaded	https://images.unsplash.com/photo-1506905925346-21bda4d32df4?w=600&q=80&fit=crop	18-photo-1506905925346-21bda4d32df4-dc1aefd98c.jpg	40061	image/jpeg	
